/************************************************************
*	Grupo: GPSCiclovias    |  Curso: L-IG
*  	UC: Bases de Dados
*
*	Pojeto: GPSCiclovias  
*
*  	Nome: Tomás Gama (20190796)
*  	Nome: João Belo (20190848)
    Nome: João André (20190812)
*
************************************************************/
insert into TipoVeiculo (tv_nome,tv_descricao) values ('Bicicleta convencional','bicicleta azul');
insert into TipoVeiculo (tv_nome,tv_descricao) values ('Bicicleta elétrica','bicicleta elétrica preta');
insert into TipoVeiculo (tv_nome,tv_descricao) values ('Trotinete elétrica','trotinete elétrica preta');
insert into TipoVeiculo (tv_nome,tv_descricao) values ('Trotinete','trotinete cinzenta');
insert into TipoVeiculo (tv_nome,tv_descricao) values ('Mono roda','mono roda preta');
insert into TipoVeiculo (tv_nome,tv_descricao) values ('Bicicleta BTT','Bicicleta de montanha para percursos e trilhos na montanha, com rodas de 26’’ e um quadro e aço.');
insert into TipoVeiculo (tv_nome,tv_descricao) values ('Bicicleta convencional','Bicicleta rápida e leve, com uma só velocidade, ideal para a cidade');
insert into TipoVeiculo (tv_nome,tv_descricao) values ('Bicicleta BTT','Bicicleta de montanha de 27.5”. Quadro de aço resistente. 18 Velocidades. Travões V Brake.');
insert into TipoVeiculo (tv_nome,tv_descricao) values ('Bicicleta convencional','Bicicleta urbana, rodas de 26 polegadas e com 6 velocidades');
insert into TipoVeiculo (tv_nome,tv_descricao) values ('Bicicleta elétrica','Bicicleta Elétrica preta, pneus de 14" e motor de 350 W');
insert into TipoVeiculo (tv_nome,tv_descricao) values ('Trotinete elétrica','Trotinete preta e vermelha com lanterna frontal '); 
insert into TipoVeiculo (tv_nome,tv_descricao) values ('Bicicleta','Bicicleta azul e preta');
insert into TipoVeiculo (tv_nome,tv_descricao) values ('Bicicleta elétrica','Bicicleta verde e preta com uma lanterna frontal');
insert into TipoVeiculo (tv_nome,tv_descricao) values ('Bicicleta convencional','Bicicleta vermelha');
insert into TipoVeiculo (tv_nome,tv_descricao) values ('Trotinete elétrica', 'Trotinete cinzenta e preta com lanterna frontal');
insert into TipoVeiculo (tv_nome,tv_descricao) values ('Bicicleta BTT','bicicleta preta e azul');
insert into TipoVeiculo (tv_nome,tv_descricao) values ('Bicicleta de cicloturismo','bicicleta cinzenta');
insert into TipoVeiculo (tv_nome,tv_descricao) values ('Bicicleta convencional','bicicleta com quadro de titânio');
insert into TipoVeiculo (tv_nome,tv_descricao) values ('Monociclo','monociclo vermelho');
insert into TipoVeiculo (tv_nome,tv_descricao) values ('Monociclo Elétrico','monociclo preto');
insert into TipoVeiculo (tv_nome,tv_descricao) values ('Bicicleta montanha','bicicleta preta');
insert into TipoVeiculo (tv_nome,tv_descricao) values ('Bicicleta convencional','bicicleta com quadro em aço, fecho rápido do selim e da roda dianteira.');
insert into TipoVeiculo (tv_nome,tv_descricao) values ('Bicicleta BTT','Bicicleta verde de montanha 26" KU2');
insert into TipoVeiculo (tv_nome,tv_descricao) values ('Bicicleta eletrica','Bicicleta Eléctrica Giant Roam');
insert into TipoVeiculo (tv_nome,tv_descricao) values ('Bicicleta convencional','Bicicleta estrada ORBEA Avant M30, quadro em carbono 53 (1.75-1.84cms), modelo 2020');
insert into TipoVeiculo (tv_nome,tv_descricao) values ('Bicicleta elétrica','bicicleta azul');
insert into TipoVeiculo (tv_nome,tv_descricao) values ('Trotinete elétrica','Trotinete verde com lanterna frontal e velocidade máxima 20km/h');
insert into TipoVeiculo (tv_nome,tv_descricao) values ('Bicicleta elétrica','Bicicleta verde com lanterna');
insert into TipoVeiculo (tv_nome,tv_descricao) values ('Skate elétrico','Skate azul e branco');
insert into TipoVeiculo (tv_nome,tv_descricao) values ('Bicicleta convencional','bicicleta preta e branca');
insert into TipoVeiculo (tv_nome,tv_descricao) values ('Bicicleta eletrica','Bicicleta Eléctrica preta');
insert into TipoVeiculo (tv_nome,tv_descricao) values ('Skate Eletrico','Skate Eléctrico preto');

insert into CodigoPostal (cod_id_4d,cod_id_3d,cod_distrito,cod_cidade,cod_localidade,cod_concelho,cod_freguesia) values (2685,099,'Lisboa','Lisboa','Sacavém','Loures','Loures');
insert into CodigoPostal (cod_id_4d,cod_id_3d,cod_distrito,cod_cidade,cod_localidade,cod_concelho,cod_freguesia) values (2620,405,'Lisboa','Lisboa','Póvoa de Santo Adrião','Odivelas','Odivelas');
insert into CodigoPostal (cod_id_4d,cod_id_3d,cod_distrito,cod_cidade,cod_localidade,cod_concelho,cod_freguesia) values (2775,295,'Lisboa','Lisboa','Cascais','Parede','Parede');
insert into CodigoPostal (cod_id_4d,cod_id_3d,cod_distrito,cod_cidade,cod_localidade,cod_concelho,cod_freguesia) values (2620,001,'Lisboa','Lisboa','Olival Basto','Odivelas','Olival Basto');
insert into CodigoPostal (cod_id_4d,cod_id_3d,cod_distrito,cod_cidade,cod_localidade,cod_concelho,cod_freguesia) values (1495,128,'Lisboa','Lisboa','Algés','Oeiras','Oeiras');
insert into CodigoPostal (cod_id_4d,cod_id_3d,cod_distrito,cod_cidade,cod_localidade,cod_concelho,cod_freguesia) values (2775,745,'Lisboa','Lisboa','Carcavelos','Cascais','São Domingos de Rana');
insert into CodigoPostal (cod_id_4d,cod_id_3d,cod_distrito,cod_cidade,cod_localidade,cod_concelho,cod_freguesia) values (2745,775,'Lisboa','Lisboa','Parede','Cascais','Carcavelos e Parede');
insert into CodigoPostal (cod_id_4d,cod_id_3d,cod_distrito,cod_cidade,cod_localidade,cod_concelho,cod_freguesia) values (2765,598,'Lisboa','Lisboa','Estoril','Cascais','Cascais e Estoril');
insert into CodigoPostal (cod_id_4d,cod_id_3d,cod_distrito,cod_cidade,cod_localidade,cod_concelho,cod_freguesia) values (1500,608,'Lisboa','Lisboa','Benfica','Lisboa','Benfica');
insert into CodigoPostal (cod_id_4d,cod_id_3d,cod_distrito,cod_cidade,cod_localidade,cod_concelho,cod_freguesia) values (2705,353,'Lisboa','Lisboa','Sintra','Lisboa','Colares');
insert into CodigoPostal (cod_id_4d,cod_id_3d,cod_distrito,cod_cidade,cod_localidade,cod_concelho,cod_freguesia) values (1900,270,'Lisboa','Lisboa','Lisboa','Lisboa','Areeiro');
insert into CodigoPostal (cod_id_4d,cod_id_3d,cod_distrito,cod_cidade,cod_localidade,cod_concelho,cod_freguesia) values (1900,271,'Lisboa','Lisboa','Lisboa','Lisboa','Benfica');
insert into CodigoPostal (cod_id_4d,cod_id_3d,cod_distrito,cod_cidade,cod_localidade,cod_concelho,cod_freguesia) values (1900,273,'Lisboa','Lisboa','Lisboa','Lisboa','Alvalade');
insert into CodigoPostal (cod_id_4d,cod_id_3d,cod_distrito,cod_cidade,cod_localidade,cod_concelho,cod_freguesia) values (1900,274,'Lisboa','Lisboa','Lisboa','Lisboa','Lumiar');
insert into CodigoPostal (cod_id_4d,cod_id_3d,cod_distrito,cod_cidade,cod_localidade,cod_concelho,cod_freguesia) values (1900,275,'Lisboa','Lisboa','Lisboa','Lisboa','Areeiro');
insert into CodigoPostal (cod_id_4d,cod_id_3d,cod_distrito,cod_cidade,cod_localidade,cod_concelho,cod_freguesia) values (1675,137,'Lisboa','Amadora','Amadora','Buraca','Buraca');
insert into CodigoPostal (cod_id_4d,cod_id_3d,cod_distrito,cod_cidade,cod_localidade,cod_concelho,cod_freguesia) values (2900,061,'Setúbal','Setúbal','Comporta','Alcácer do Sal','Comporta');
insert into CodigoPostal (cod_id_4d,cod_id_3d,cod_distrito,cod_cidade,cod_localidade,cod_concelho,cod_freguesia) values (4000,011,'Porto','Porto','Matosinhos','Matosinhos','São Mamede de Infesta');
insert into CodigoPostal (cod_id_4d,cod_id_3d,cod_distrito,cod_cidade,cod_localidade,cod_concelho,cod_freguesia) values (2655,218,'Lisboa','Lisboa','Mafra','Mafra','Ericeira');
insert into CodigoPostal (cod_id_4d,cod_id_3d,cod_distrito,cod_cidade,cod_localidade,cod_concelho,cod_freguesia) values (2705,547,'Lisboa','Lisboa','Sintra','Sintra','São João das Lapas');
insert into CodigoPostal (cod_id_4d,cod_id_3d,cod_distrito,cod_cidade,cod_localidade,cod_concelho,cod_freguesia) values (2775,875,'Lisboa','Lisboa','Carcavelos','Cascais','Carcavelos e Parede');
insert into CodigoPostal (cod_id_4d,cod_id_3d,cod_distrito,cod_cidade,cod_localidade,cod_concelho,cod_freguesia) values (2765,518,'Lisboa','Lisboa','São Pedro do Estoril','Cascais','Cascais e Estoril');
insert into CodigoPostal (cod_id_4d,cod_id_3d,cod_distrito,cod_cidade,cod_localidade,cod_concelho,cod_freguesia) values (2751,901,'Lisboa','Lisboa','Cascais','Cascais','Cascais e Estoril');
insert into CodigoPostal (cod_id_4d,cod_id_3d,cod_distrito,cod_cidade,cod_localidade,cod_concelho,cod_freguesia) values (2761,901,'Lisboa','Lisboa','Caxias','Oeiras','Caxias');
insert into CodigoPostal (cod_id_4d,cod_id_3d,cod_distrito,cod_cidade,cod_localidade,cod_concelho,cod_freguesia) values (2770,140,'Lisboa','Lisboa','Paço de Ferreira','Oeiras','Paço de Arcos');
insert into CodigoPostal (cod_id_4d,cod_id_3d,cod_distrito,cod_cidade,cod_localidade,cod_concelho,cod_freguesia) values (1945,387,'Lisboa','Lisboa','Lisboa','Lisboa','Belém');
insert into CodigoPostal (cod_id_4d,cod_id_3d,cod_distrito,cod_cidade,cod_localidade,cod_concelho,cod_freguesia) values (1263,342,'Lisboa','Lisboa','Lisboa','Lisboa','Carnide');
insert into CodigoPostal (cod_id_4d,cod_id_3d,cod_distrito,cod_cidade,cod_localidade,cod_concelho,cod_freguesia) values (1233,243,'Lisboa','Lisboa','Lisboa','Lisboa','São Domingos de Benfica');
insert into CodigoPostal (cod_id_4d,cod_id_3d,cod_distrito,cod_cidade,cod_localidade,cod_concelho,cod_freguesia) values (3245,267,'Lisboa','Lisboa','Lisboa','Lisboa','Ajuda');
insert into CodigoPostal (cod_id_4d,cod_id_3d,cod_distrito,cod_cidade,cod_localidade,cod_concelho,cod_freguesia) values (2453,034,'Lisboa','Lisboa','Lisboa','Lisboa','Marvila');

insert into CategoriaCiclovia(cc_nome,cc_descricao) values ('Ciclovia Urbana','Ciclovia situada dentro de um espaço urbano não pedonal com vista a facilitar a circulação');
insert into CategoriaCiclovia(cc_nome,cc_descricao) values ('Ciclovia Segregada','Ciclovias destinadas exclusivamente à circulação de bicicletas');
insert into CategoriaCiclovia(cc_nome,cc_descricao) values ('Ciclovia Partilhada','Ciclovias destinadas à circulação de bicicletas e peões');
insert into CategoriaCiclovia(cc_nome,cc_descricao) values ('Ecovia','Infraestrutura destinada a circulação a pé ou em bicicleta, e que tem como principal característica a ligação entre áreas de interesse ambiental');
insert into CategoriaCiclovia(cc_nome,cc_descricao) values ('Percurso de Cicloturismo','São ciclovias destinadas ao turismo que podem ser percorridas a pé ou de bicicleta');
insert into CategoriaCiclovia(cc_nome,cc_descricao) values ('Ecopista','Infraestrutura praticamente ininterrupta, fácil, segura e agradável de percorrer');

insert into Escala(esc_id,esc_descricao,esc_nvdif) values (1,'Muito Acessível',1);
insert into Escala(esc_id,esc_descricao,esc_nvdif) values (2,'Acessível',2);
insert into Escala(esc_id,esc_descricao,esc_nvdif) values (3,'Relativamento Acessível',3);
insert into Escala(esc_id,esc_descricao,esc_nvdif) values (4,'Pouco Acessível',4);
insert into Escala(esc_id,esc_descricao,esc_nvdif) values (5,'Muito Pouco Acessível',5);

insert into Escala_avaliacao(escav_id,escav_descricao,escav_avaliacao) values (1,'Muito Mau',1);
insert into Escala_avaliacao(escav_id,escav_descricao,escav_avaliacao) values (2,'Mau',2);
insert into Escala_avaliacao(escav_id,escav_descricao,escav_avaliacao) values (3,'Satisfatório',3);
insert into Escala_avaliacao(escav_id,escav_descricao,escav_avaliacao) values (4,'Bom',4);
insert into Escala_avaliacao(escav_id,escav_descricao,escav_avaliacao) values (5,'Muito Bom',5);

insert into Utilizador (uti_nome,uti_morada,uti_genero,uti_dnasc,uti_idade,cod_id) values('André João Maria dos Santos','Rua Açores','M',cast('2000-04-06' as date), TIMESTAMPDIFF(YEAR,uti_dNasc,CURDATE()),1);
insert into Utilizador (uti_nome,uti_morada,uti_genero,uti_dnasc,uti_idade,cod_id) values('Daniela Maria dos Santos','Rua da Madeira','F',cast('1975.01.09' as date),TIMESTAMPDIFF(YEAR,uti_dNasc,CURDATE()),2);
insert into Utilizador (uti_nome,uti_morada,uti_genero,uti_dnasc,uti_idade,cod_id) values('Joana Francisca de Chantal','Rua Privilégio','F',cast('1976.12.24' as date),TIMESTAMPDIFF(YEAR,uti_dNasc,CURDATE()),3);
insert into Utilizador (uti_nome,uti_morada,uti_genero,uti_dnasc,uti_idade,cod_id) values('Tomás Luis Pereira','Rua Artur Bual','M',cast('2001.07.25' as date),TIMESTAMPDIFF(YEAR,uti_dNasc,CURDATE()),4);
insert into Utilizador (uti_nome,uti_morada,uti_genero,uti_dnasc,uti_idade,cod_id) values('Patricia Marques Ferreira','Rua Maria Fátima','F',cast('1998.03.11' as date),TIMESTAMPDIFF(YEAR,uti_dNasc,CURDATE()),5);
insert into Utilizador (uti_nome,uti_morada,uti_genero,uti_dnasc,uti_idade,cod_id) values('Diogo Pedro Ventura','Rua São João Bosco','M',cast('1985.09.12'as date),TIMESTAMPDIFF(YEAR,uti_dNasc,CURDATE()),6);
insert into Utilizador (uti_nome,uti_morada,uti_genero,uti_dnasc,uti_idade,cod_id) values('Simão Pinheiro Amorim','Rua Gago Coutinho nº32','M',cast('1976.07.23' as date),TIMESTAMPDIFF(YEAR,uti_dNasc,CURDATE()),7);
insert into Utilizador (uti_nome,uti_morada,uti_genero,uti_dnasc,uti_idade,cod_id) values('Cristina Gomes Ferreira','Rua Fernando Alves nº2','F',cast('2000.03.06'as date),TIMESTAMPDIFF(YEAR,uti_dNasc,CURDATE()),8);
insert into Utilizador (uti_nome,uti_morada,uti_genero,uti_dnasc,uti_idade,cod_id) values('Brian Joaquim Marques','Rua da Cooperativa nº37','M',cast('1993.01.11'as date),TIMESTAMPDIFF(YEAR,uti_dNasc,CURDATE()),9);
insert into Utilizador (uti_nome,uti_morada,uti_genero,uti_dnasc,uti_idade,cod_id) values('Joana Maria Coimbra','Rua Santa Isabel nº82','F',cast('1989.12.02'as date),TIMESTAMPDIFF(YEAR,uti_dNasc,CURDATE()),10);
insert into Utilizador (uti_nome,uti_morada,uti_genero,uti_dnasc,uti_idade,cod_id) values('Pedro Gonçalves','Avenida Manuel da Maia N2 ','M',cast('1998.06.28'as date),TIMESTAMPDIFF(YEAR,uti_dNasc,CURDATE()),11);
insert into Utilizador (uti_nome,uti_morada,uti_genero,uti_dnasc,uti_idade,cod_id) values('Carolina Andrade','Avenida Júlio Dinis','F',cast('1995.02.03'as date),TIMESTAMPDIFF(YEAR,uti_dNasc,CURDATE()),12);
insert into Utilizador (uti_nome,uti_morada,uti_genero,uti_dnasc,uti_idade,cod_id) values('Isabel Mendes','Avenida António Serpa','F',cast('1983.06.21'as date),TIMESTAMPDIFF(YEAR,uti_dNasc,CURDATE()),13);
insert into Utilizador (uti_nome,uti_morada,uti_genero,uti_dnasc,uti_idade,cod_id) values('Bruno Fernandes','Avenida Visconde de Valmor','M',cast('1994.09.08'as date),TIMESTAMPDIFF(YEAR,uti_dNasc,CURDATE()),14);
insert into Utilizador (uti_nome,uti_morada,uti_genero,uti_dnasc,uti_idade,cod_id) values('João Mário','Rua Tomás Borba','M',cast('1993.01.19'as date),TIMESTAMPDIFF(YEAR,uti_dNasc,CURDATE()),15);
insert into Utilizador (uti_nome,uti_morada,uti_genero,uti_dnasc,uti_idade,cod_id) values('Cristiano Ronaldo dos Santos Aveiro','Avenida Sá Carneiro','M',cast('1985-02-05' as date), TIMESTAMPDIFF(YEAR,uti_dNasc,CURDATE()),16);
insert into Utilizador (uti_nome,uti_morada,uti_genero,uti_dnasc,uti_idade,cod_id) values('Sara Pinto Sampaio','Rua Açores','F',cast('1991-07-21' as date), TIMESTAMPDIFF(YEAR,uti_dNasc,CURDATE()),17);
insert into Utilizador (uti_nome,uti_morada,uti_genero,uti_dnasc,uti_idade,cod_id) values('Jorge Fernando Pinheiro de Jesus','Rua da Estação de São Mamede','M',cast('1954-07-24' as date), TIMESTAMPDIFF(YEAR,uti_dNasc,CURDATE()),18);
insert into Utilizador (uti_nome,uti_morada,uti_genero,uti_dnasc,uti_idade,cod_id) values('Cristina Maria Jorge Ferreira','Rua 25 de Abril','F',cast('1977-09-09' as date), TIMESTAMPDIFF(YEAR,uti_dNasc,CURDATE()),19);
insert into Utilizador (uti_nome,uti_morada,uti_genero,uti_dnasc,uti_idade,cod_id) values('Manuel Luís Nunes Sousa Goucha','Rua Coronel Vieira','M',cast('1954-12-25' as date), TIMESTAMPDIFF(YEAR,uti_dNasc,CURDATE()),20);
insert into Utilizador (uti_nome,uti_morada,uti_genero,uti_dnasc,uti_idade,cod_id) values('Ricardo Pedro Gomes de Castro','Rua das Tilias','M',cast('1990-07-21' as date), TIMESTAMPDIFF(YEAR,uti_dNasc,CURDATE()),21);
insert into Utilizador (uti_nome,uti_morada,uti_genero,uti_dnasc,uti_idade,cod_id) values('Antonieta Clementina Santos','Rua dos cravos','F',cast('2000-08-11' as date), TIMESTAMPDIFF(YEAR,uti_dNasc,CURDATE()),22);
insert into Utilizador (uti_nome,uti_morada,uti_genero,uti_dnasc,uti_idade,cod_id) values('Pedro José Barata Costa','Rua das sementes','M',cast('1998-01-19' as date), TIMESTAMPDIFF(YEAR,uti_dNasc,CURDATE()),23);
insert into Utilizador (uti_nome,uti_morada,uti_genero,uti_dnasc,uti_idade,cod_id) values('Carlos Figueira Alves','Rua das rosas','M',cast('1970-05-14' as date), TIMESTAMPDIFF(YEAR,uti_dNasc,CURDATE()),24);
insert into Utilizador (uti_nome,uti_morada,uti_genero,uti_dnasc,uti_idade,cod_id) values('Florianda Rosalia Clementina','Rua dos girassois','F',cast('1999-03-20' as date), TIMESTAMPDIFF(YEAR,uti_dNasc,CURDATE()),25);
insert into Utilizador (uti_nome,uti_morada,uti_genero,uti_dnasc,uti_idade,cod_id) values('Nuno Alexandre Tavares Mendes','Rua Barão Sabrosa','M',cast('2002-06-19' as date), TIMESTAMPDIFF(YEAR,uti_dNasc,CURDATE()),26);
insert into Utilizador (uti_nome,uti_morada,uti_genero,uti_dnasc,uti_idade,cod_id) values('Maria Carolina Antunes','Rua Actor Isidoro','F',cast('2001-03-09' as date), TIMESTAMPDIFF(YEAR,uti_dNasc,CURDATE()),27);
insert into Utilizador (uti_nome,uti_morada,uti_genero,uti_dnasc,uti_idade,cod_id) values('Eduardo Filipe Quaresma','Avenida de Paris','M',cast('2002-03-02' as date), TIMESTAMPDIFF(YEAR,uti_dNasc,CURDATE()),28);
insert into Utilizador (uti_nome,uti_morada,uti_genero,uti_dnasc,uti_idade,cod_id) values('Carla Maria Mendes Silva','Praça de Londres','F',cast('1969-09-27' as date), TIMESTAMPDIFF(YEAR,uti_dNasc,CURDATE()),29);
insert into Utilizador (uti_nome,uti_morada,uti_genero,uti_dnasc,uti_idade,cod_id) values('Daniel Santos Bragança','Avenida de Madrid','M',cast('1999-05-27' as date), TIMESTAMPDIFF(YEAR,uti_dNasc,CURDATE()),30);

insert into Utilizador_uti_contactos (uti_id,uti_contactos) values (1, '999234567');
insert into Utilizador_uti_contactos (uti_id,uti_contactos) values (1, 'santosandre06@icloud.com');
insert into Utilizador_uti_contactos (uti_id,uti_contactos) values (2, 'daniela75@gmail.com');
insert into Utilizador_uti_contactos (uti_id,uti_contactos) values (3, 'jf1976@hotmail.com');
insert into Utilizador_uti_contactos (uti_id,uti_contactos) values (4, '901234567');
insert into Utilizador_uti_contactos (uti_id,uti_contactos) values (5, 'patferreira@gmail.com');
insert into Utilizador_uti_contactos (uti_id,uti_contactos) values (5, '998765432');
insert into Utilizador_uti_contactos (uti_id,uti_contactos) values (6, '914236721');
insert into Utilizador_uti_contactos (uti_id,uti_contactos) values (7, 'simaoalves1976@email.com');
insert into Utilizador_uti_contactos (uti_id,uti_contactos) values (8, 'crisferreira@email.com');
insert into Utilizador_uti_contactos (uti_id,uti_contactos) values (9, '935898723');
insert into Utilizador_uti_contactos (uti_id,uti_contactos) values (10, '929837640');
insert into Utilizador_uti_contactos (uti_id,uti_contactos) values (11, 'obiwangoncalves@gmail.com');
insert into Utilizador_uti_contactos (uti_id,uti_contactos) values (12, 'luke12345@gmail.com');
insert into Utilizador_uti_contactos (uti_id,uti_contactos) values (13, '910325657');
insert into Utilizador_uti_contactos (uti_id,uti_contactos) values (14, 'leia6789@gmail.com');
insert into Utilizador_uti_contactos (uti_id,uti_contactos) values (15, '960435668');
insert into Utilizador_uti_contactos (uti_id,uti_contactos) values (16, '999234567');
insert into Utilizador_uti_contactos (uti_id,uti_contactos) values (16, 'cr7thebest@gmail.com');
insert into Utilizador_uti_contactos (uti_id,uti_contactos) values (17, '989725342');
insert into Utilizador_uti_contactos (uti_id,uti_contactos) values (18, '931874563');
insert into Utilizador_uti_contactos (uti_id,uti_contactos) values (18, '981345634');
insert into Utilizador_uti_contactos (uti_id,uti_contactos) values (19, 'eoconaaaan@hotmail.com');
insert into Utilizador_uti_contactos (uti_id,uti_contactos) values (20, '953427958');
insert into Utilizador_uti_contactos (uti_id,uti_contactos) values (20, 'Goucha4Life@gmail.com');
insert into Utilizador_uti_contactos (uti_id,uti_contactos) values (20, '219750300');
insert into Utilizador_uti_contactos (uti_id,uti_contactos) values (21, '972864877');
insert into Utilizador_uti_contactos (uti_id,uti_contactos) values (22, 'antonieta123@gmail.com');
insert into Utilizador_uti_contactos (uti_id,uti_contactos) values (23, '968471433');
insert into Utilizador_uti_contactos (uti_id,uti_contactos) values (24, 'carlosalves1970@gmail.com');
insert into Utilizador_uti_contactos (uti_id,uti_contactos) values (25, '937091311');
insert into Utilizador_uti_contactos (uti_id,uti_contactos) values (26, '917829332, dookucount@gmail.com');
insert into Utilizador_uti_contactos (uti_id,uti_contactos) values (27, '218365762, windumace@gmail.com');
insert into Utilizador_uti_contactos (uti_id,uti_contactos) values (28, '215673564, thehutjaba@gmail.com');
insert into Utilizador_uti_contactos (uti_id,uti_contactos) values (29, '964576009');
insert into Utilizador_uti_contactos (uti_id,uti_contactos) values (30, 'thebigmick@outlook.com');

insert into Veiculo (uti_id,vei_numerorodas,vei_marca,vei_modelo,tv_id) values (1,2,'Elops','Single Speed 500',1);
insert into Veiculo (uti_id,vei_numerorodas,vei_marca,vei_modelo,tv_id) values (2,2,'Elops','120 E',2);
insert into Veiculo (uti_id,vei_numerorodas,vei_marca,vei_modelo,tv_id) values (3,2,'Smartgyro','Rockway',3);
insert into Veiculo (uti_id,vei_numerorodas,vei_marca,vei_modelo,tv_id) values (4,2,'Ethic','Erawan',4);
insert into Veiculo (uti_id,vei_numerorodas,vei_marca,vei_modelo,tv_id) values (5,1,'Inmotion','SCV V8',5);
insert into Veiculo (uti_id,vei_numerorodas,vei_marca,vei_modelo,tv_id) values (6,2,'Mitical','Sportcross 10',6);
insert into Veiculo (uti_id,vei_numerorodas,vei_marca,vei_modelo,tv_id) values (7,2,'ELOPS','Signle Speed 500',7);
insert into Veiculo (uti_id,vei_numerorodas,vei_marca,vei_modelo,tv_id) values (8,2,'Hogan','2725VB',8);
insert into Veiculo (uti_id,vei_numerorodas,vei_marca,vei_modelo,tv_id) values (9,2,'WAYSCRAL','Takeaway 200',9);
insert into Veiculo (uti_id,vei_numerorodas,vei_marca,vei_modelo,tv_id) values (10,2,'Innova','E-Town',10);
insert into Veiculo (uti_id,vei_numerorodas,vei_marca,vei_modelo,tv_id) values (11,2,'Xiaomi','Mi Electric Scooter',11);
insert into Veiculo (uti_id,vei_numerorodas,vei_marca,vei_modelo,tv_id) values (12,2,'Riverside','120',12);
insert into Veiculo (uti_id,vei_numerorodas,vei_marca,vei_modelo,tv_id) values (13,2,'Gira','Gira Eletrica',13);
insert into Veiculo (uti_id,vei_numerorodas,vei_marca,vei_modelo,tv_id) values (14,2,'Riverside','500',14);
insert into Veiculo (uti_id,vei_numerorodas,vei_marca,vei_modelo,tv_id) values (15,2,'Xiaomi','Mi Electric Scooter Essential',15);
insert into Veiculo (uti_id,vei_numerorodas,vei_marca,vei_modelo,tv_id) values (16,2,'RockRider','ST 20',16);
insert into Veiculo (uti_id,vei_numerorodas,vei_marca,vei_modelo,tv_id) values (17,2,'RiverSide','Touring 920',17);
insert into Veiculo (uti_id,vei_numerorodas,vei_marca,vei_modelo,tv_id) values (18,2,'Triban','GRLV 900',18);
insert into Veiculo (uti_id,vei_numerorodas,vei_marca,vei_modelo,tv_id) values (19,1,'vidaXL','Ergonómico',19);
insert into Veiculo (uti_id,vei_numerorodas,vei_marca,vei_modelo,tv_id) values (20,1,'Segway','SEG-Z10',20);
insert into Veiculo (uti_id,vei_numerorodas,vei_marca,vei_modelo,tv_id) values (21,2,'Shimano','VBrake 200',21);
insert into Veiculo (uti_id,vei_numerorodas,vei_marca,vei_modelo,tv_id) values (22,2,'A-Force','Trak 26',22);
insert into Veiculo (uti_id,vei_numerorodas,vei_marca,vei_modelo,tv_id) values (23,2,'Megamo','Doble Wall 290',23);
insert into Veiculo (uti_id,vei_numerorodas,vei_marca,vei_modelo,tv_id) values (22,2,'Giant','Giant Roam 500',24);
insert into Veiculo (uti_id,vei_numerorodas,vei_marca,vei_modelo,tv_id) values (25,2,'ORBEA','Avant M30',25);
insert into Veiculo (uti_id,vei_numerorodas,vei_marca,vei_modelo,tv_id) values (26,2,'Nilox','E-Bike X2',26);
insert into Veiculo (uti_id,vei_numerorodas,vei_marca,vei_modelo,tv_id) values (27,2,'Frog','Trotinete Frog',27);
insert into Veiculo (uti_id,vei_numerorodas,vei_marca,vei_modelo,tv_id) values (28,2,'Gira','Bicicleta Gira',28);
insert into Veiculo (uti_id,vei_numerorodas,vei_marca,vei_modelo,tv_id) values (29,4,'Nilox','Longboard Doc',29);
insert into Veiculo (uti_id,vei_numerorodas,vei_marca,vei_modelo,tv_id) values (30,2,'Rockrider','ST500',30);
insert into Veiculo (uti_id,vei_numerorodas,vei_marca,vei_modelo,tv_id) values (1,2,'Xiaomi','QiCycle',31);
insert into Veiculo (uti_id,vei_numerorodas,vei_marca,vei_modelo,tv_id) values (1,4,'ExWay','Flex',32);

insert into Itinerario (iti_pontoDePartida,iti_pontoDeChegada,uti_id) values ('38.776407, -9.204457','38.776407, -9.204457',1);
insert into Itinerario (iti_pontoDePartida,iti_pontoDeChegada,uti_id) values ('38.846959, -9.100481','38.846402, -9.098787',2);
insert into Itinerario (iti_pontoDePartida,iti_pontoDeChegada,uti_id) values ('38.834776, -9.157668','38.834569, -9.157523',3);
insert into Itinerario (iti_pontoDePartida,iti_pontoDeChegada,uti_id) values ('38.692948, -9.420774','38.694646, -9.422209',4);
insert into Itinerario (iti_pontoDePartida,iti_pontoDeChegada,uti_id) values ('38.728454, -9.197642','38.730177, -9.203948',5);
insert into Itinerario (iti_pontoDePartida,iti_pontoDeChegada,uti_id) values ('38.7292, -9.4740','38.710523, -9.480959',6);
insert into Itinerario (iti_pontoDePartida,iti_pontoDeChegada,uti_id) values ('38.6763, -9.3192','38.696109, -9.287963',7);
insert into Itinerario (iti_pontoDePartida,iti_pontoDeChegada,uti_id) values ('38.7310, -9.2088','38.722834, -9.196311',8);
insert into Itinerario (iti_pontoDePartida,iti_pontoDeChegada,uti_id) values ('38.7407, -9.2649','38.696516, -9.309805',9);
insert into Itinerario (iti_pontoDePartida,iti_pontoDeChegada,uti_id) values ('38.6890, -9.3029','38.801342, -9.389081',10);
insert into Itinerario (iti_pontoDePartida,iti_pontoDeChegada,uti_id) values ('38.731748, -9.155622','38.766784, -9.098695',11);
insert into Itinerario (iti_pontoDePartida,iti_pontoDeChegada,uti_id) values ('38.752271, -9.216282','38.757574, -9.218170',12);
insert into Itinerario (iti_pontoDePartida,iti_pontoDeChegada,uti_id) values ('38.925647, -9.006266','38.950666, -8.989763',13);
insert into Itinerario (iti_pontoDePartida,iti_pontoDeChegada,uti_id) values ('38.790437, -9.109651','38.774917, -9.105320',14);
insert into Itinerario (iti_pontoDePartida,iti_pontoDeChegada,uti_id) values ('38.794227, -9.104106','38.790691, -9.109711',15);

insert into Itinerario_per_coordGPS (iti_coordGPS_data,iti_coordGPS_long,iti_coordGPS_lat,iti_coordGPS_alt,iti_id) values (cast('2020-11-28 00:00:01'as datetime),00.0,00.0,00.0,1);
insert into Itinerario_per_coordGPS (iti_coordGPS_data,iti_coordGPS_long,iti_coordGPS_lat,iti_coordGPS_alt,iti_id) values (cast('2020-06-18 00:00:01'as datetime),00.0,00.0,00.0,2);
insert into Itinerario_per_coordGPS (iti_coordGPS_data,iti_coordGPS_long,iti_coordGPS_lat,iti_coordGPS_alt,iti_id) values (cast('2020-09-10 00:00:01'as datetime),00.0,00.0,00.0,3);
insert into Itinerario_per_coordGPS (iti_coordGPS_data,iti_coordGPS_long,iti_coordGPS_lat,iti_coordGPS_alt,iti_id) values (cast('2020-01-22 00:00:01'as datetime),00.0,00.0,00.0,4);
insert into Itinerario_per_coordGPS (iti_coordGPS_data,iti_coordGPS_long,iti_coordGPS_lat,iti_coordGPS_alt,iti_id) values (cast('2020-03-05 00:00:01'as datetime),00.0,00.0,00.0,5);
insert into Itinerario_per_coordGPS (iti_coordGPS_data,iti_coordGPS_long,iti_coordGPS_lat,iti_coordGPS_alt,iti_id) values (cast('2019-05-12 00:00:01'as datetime),-9.4740,38.7292,00.0,6);
insert into Itinerario_per_coordGPS (iti_coordGPS_data,iti_coordGPS_long,iti_coordGPS_lat,iti_coordGPS_alt,iti_id) values (cast('2019-07-01 00:00:01'as datetime),-9.3192,38.6763,00.0,7);
insert into Itinerario_per_coordGPS (iti_coordGPS_data,iti_coordGPS_long,iti_coordGPS_lat,iti_coordGPS_alt,iti_id) values (cast('2020-02-23 00:00:01'as datetime),-9.2088,38.7310,00.0,8);
insert into Itinerario_per_coordGPS (iti_coordGPS_data,iti_coordGPS_long,iti_coordGPS_lat,iti_coordGPS_alt,iti_id) values (cast('2019-09-08 00:00:01'as datetime),-9.2649,38.7407,00.0,9);
insert into Itinerario_per_coordGPS (iti_coordGPS_data,iti_coordGPS_long,iti_coordGPS_lat,iti_coordGPS_alt,iti_id) values (cast('2020-03-30 00:00:01'as datetime),-9.3029,38.6890,00.0,10);
insert into Itinerario_per_coordGPS (iti_coordGPS_data,iti_coordGPS_long,iti_coordGPS_lat,iti_coordGPS_alt,iti_id) values (cast('2020-12-14 00:00:01'as datetime),00.0,00.0,00.0,11);
insert into Itinerario_per_coordGPS (iti_coordGPS_data,iti_coordGPS_long,iti_coordGPS_lat,iti_coordGPS_alt,iti_id) values (cast('2020-11-02 00:00:01'as datetime),00.0,00.0,00.0,12);
insert into Itinerario_per_coordGPS (iti_coordGPS_data,iti_coordGPS_long,iti_coordGPS_lat,iti_coordGPS_alt,iti_id) values (cast('2020-09-30 00:00:01'as datetime),00.0,00.0,00.0,13);
insert into Itinerario_per_coordGPS (iti_coordGPS_data,iti_coordGPS_long,iti_coordGPS_lat,iti_coordGPS_alt,iti_id) values (cast('2020-10-29 00:00:01'as datetime),00.0,00.0,00.0,14);
insert into Itinerario_per_coordGPS (iti_coordGPS_data,iti_coordGPS_long,iti_coordGPS_lat,iti_coordGPS_alt,iti_id) values (cast('2020-11-15 00:00:01'as datetime),00.0,00.0,00.0,15);

insert into Ciclovia(cic_id,cic_nome,cic_extensao,cic_inicio,cic_iniCoord,cic_descricao,cic_fim,cic_fimCoord,cic_distrito,cic_cidade,cc_id,esc_id) values (1,'Ecopista da Escola Agrícola da Paiã',4000.00,'Escola Agricola da Paiã','38.776407, -9.204457','São momentos de tranquilidade aliados ao exercício de manutenção da boa forma física','Escola Agricola da Paiã','38.776407, -9.204457','Lisboa','Odivelas',5,1);
insert into Ciclovia(cic_id,cic_nome,cic_extensao,cic_inicio,cic_iniCoord,cic_descricao,cic_fim,cic_fimCoord,cic_distrito,cic_cidade,cc_id,esc_id) values (2,'Ciclovias do Parque Urbano de Santa Iria de Azóia',3609.00,'Parque Urbano de Santa Iria de Azóia','38.846959, -9.100481','São cerca de 24 hectares de área disponivel para passear, praticar desporto, andar de bicicleta, ler um livro ou passar uns momentos agradáveis','Parque Urbano de Santa Iria de Azóia','38.846402, -9.098787','Lisboa','Loures',2,2);
insert into Ciclovia(cic_id,cic_nome,cic_extensao,cic_inicio,cic_iniCoord,cic_descricao,cic_fim,cic_fimCoord,cic_distrito,cic_cidade,cc_id,esc_id) values (3,'Ciclovia do Parque Verde do Infantado',830.00,'Parque Verde do Infantado','38.834776, -9.157668','Resultado da construção de uma superficie comercial na Quinta do Infantado que proporcionou a criação de um grande espaço Verde','Parque Verde do Infantado','38.834569, -9.157523','Lisboa','Loures',3,3);
insert into Ciclovia(cic_id,cic_nome,cic_extensao,cic_inicio,cic_iniCoord,cic_descricao,cic_fim,cic_fimCoord,cic_distrito,cic_cidade,cc_id,esc_id) values (4,'Circuito Urbano Ciclável',3800.00,'Centro urbano da Vila de Cascais','38.692948, -9.420774','Na tentativa de melhorar a segurança dos utilizadores de bicicletas que circulam na Vila,definiram-se espaços próprios de circulação e/ou indução da circulação ciclável por determinadas vias','Centro urbano da Vila de Cascais','38.694646, -9.422209','Lisboa','Cascais',2,4);
insert into Ciclovia(cic_id,cic_nome,cic_extensao,cic_inicio,cic_iniCoord,cic_descricao,cic_fim,cic_fimCoord,cic_distrito,cic_cidade,cc_id,esc_id) values (5,'Pistas e Percursos de Monsanto',42000.00,'Parque Florestal de Monsanto.','38.728454, -9.197642','O Parque Florestal de Monsanto é um espaço privilegiado para a prática de desporto, e a Câmara de Lisboa, ciente disso, criou uma Rede de Pistas e Percursos por todo o Parque','Parque Florestal de Monsanto.','38.730177, -9.203948','Lisboa','Lisboa',4,5);
insert into Ciclovia(cic_id,cic_nome,cic_extensao,cic_inicio,cic_iniCoord,cic_descricao,cic_fim,cic_fimCoord,cic_distrito,cic_cidade,cc_id,esc_id) values (6,'Ciclovia do Guincho',8790.00,'Marina de Cascais','38.7292, -9.4740','São 10 quilómetros que ligam a Marina de Cascais à praia do Guincho. Ao longo do passeio, com o mar sempre à vista, pode ainda visitar a Boca do Inferno e o Farol da Guia','Praia do Guincho','38.710523, -9.480959','Lisboa','Cascais',3,1);
insert into Ciclovia(cic_id,cic_nome,cic_extensao,cic_inicio,cic_iniCoord,cic_descricao,cic_fim,cic_fimCoord,cic_distrito,cic_cidade,cc_id,esc_id) values (7,'Ciclovia do Passeio Maritimo Oeiras/Paço de Arcos',3339.00,'No paredão, junto á praia da Torre','38.6763, -9.3192','Esta ciclovia desenvolve-se no passeio marítimo entre as praias da Torre e de Paço de Arcos','No paredão, junto à praia de Paço de Arcos','38.696109, -9.287963','Lisboa','Oeiras',3,2);
insert into Ciclovia(cic_id,cic_nome,cic_extensao,cic_inicio,cic_iniCoord,cic_descricao,cic_fim,cic_fimCoord,cic_distrito,cic_cidade,cc_id,esc_id) values (8,'Ciclovia da EN116 Achada-Ericeira',2730.00,'Na Cabeça Alta, cruzamento da EN116 com a Estrada de Santo Isidoro','38.7310, -9.2088','A Ciclovia desenvolve-se ao longo da Estrada Nacional 116, entre Achada e Ericeira','A escassos metros da rotunda que dá acesso à Escola da Ericeira, à própria Vila e à auto-estrada A21','38.722834, -9.196311','Lisboa','Mafra',2,3);
insert into Ciclovia(cic_id,cic_nome,cic_extensao,cic_inicio,cic_iniCoord,cic_descricao,cic_fim,cic_fimCoord,cic_distrito,cic_cidade,cc_id,esc_id) values (9,'Ciclovia da Rua da Quinta Grande',384.00,'Na rua Desembargador Faria','38.7407, -9.2649','A Ciclovia percorre toda a Rua da Quinta Grande servindo de ligação entre o centro histórico, o Instituto Gulbenkian de Ciência e o Palácio Marquês de Pombal','Na Alameda Conde de Oeiras','38.696516, -9.309805','Lisboa','Oeiras',3,4);
insert into Ciclovia(cic_id,cic_nome,cic_extensao,cic_inicio,cic_iniCoord,cic_descricao,cic_fim,cic_fimCoord,cic_distrito,cic_cidade,cc_id,esc_id) values (10,'Ciclovia da Avenida da Comissão de Melhoramentos',1820.00,'Rua do Pinhal, ao lado da Ribeira de Janas','38.6890, -9.3029','A Ciclovia começa na Rua do Pinhal e prolonga-se pela Avenida da Comissão de Melhoramentos','Avenida da Comissão de Melhoramentos cruzamento com a Rua das Hortas','38.801342, -9.389081','Lisboa','Sintra',2,5);
insert into Ciclovia(cic_id,cic_nome,cic_extensao,cic_inicio,cic_iniCoord,cic_descricao,cic_fim,cic_fimCoord,cic_distrito,cic_cidade,cc_id,esc_id) values (11,'Percursos e corredores de Lisboa',35990.00,'cidade de Lisboa','38.731748, -9.155622','Ciclovia que se extende por grande parte da cidade de lisboa, abrangendo a vasta maioria dos pontos de interesse da cidade ','cidade de Lisboa','38.766784, -9.098695','Lisboa','Lisboa',1,1);
insert into Ciclovia(cic_id,cic_nome,cic_extensao,cic_inicio,cic_iniCoord,cic_descricao,cic_fim,cic_fimCoord,cic_distrito,cic_cidade,cc_id,esc_id) values (12,'Ciclovias da Interface Amadora Este - Santa Cruz/Damaia',1686.00,'Rua Francisco Simões Carneiro','38.752271, -9.216282','Uma ciclovia urbana que facilita o acesso a diferentes serviços na Amadora Este','Praça S. Silvestre','38.757574, -9.218170','Lisboa','Amadora',1,2);
insert into Ciclovia(cic_id,cic_nome,cic_extensao,cic_inicio,cic_iniCoord,cic_descricao,cic_fim,cic_fimCoord,cic_distrito,cic_cidade,cc_id,esc_id) values (13,'Caminho Pedonal Ribeirinho',3230.00,'Casa Museu Dr. Sousa Martins - Alhandra','38.925647, -9.006266','Ciclovia que também serve de caminho pedonal, situa-se junto ao rio e tem uma largura de aproximadamente quatro metros','Parque urbano de Vila Franca de Xira - Campo do Cevadeiro','38.950666, -8.989763','Lisboa','Vila Franca de Xira',3,3);
insert into Ciclovia(cic_id,cic_nome,cic_extensao,cic_inicio,cic_iniCoord,cic_descricao,cic_fim,cic_fimCoord,cic_distrito,cic_cidade,cc_id,esc_id) values (14,'Ciclovias da via da Portela',2376.00,'Perto da rotunda da quinta do carmo','38.790437, -9.109651','Uma ciclovia que atravessa as antigas freguesias, Sacavém, Portela e Moscavide','Topo norte da praça José de Queirós','38.774917, -9.105320','Lisboa','Loures',3,4);
insert into Ciclovia(cic_id,cic_nome,cic_extensao,cic_inicio,cic_iniCoord,cic_descricao,cic_fim,cic_fimCoord,cic_distrito,cic_cidade,cc_id,esc_id) values (15,'Ciclovia da Rua Estado da índia',891.00,'Rua Estado da Índia','38.794227, -9.104106','Ciclovia Urbana de aproximadamente um quilómetro que fornece uma ciclovia paralela ao passeio','Início sul da rua José Pedro Lourenço','38.790691, -9.109711','Lisboa','Loures',1,5);

insert into Ciclovia_cic_pdi(cic_pdi,cic_id) values ('Corredores Ciclopedonais',2);
insert into Ciclovia_cic_pdi(cic_pdi,cic_id) values ('Área de sensibilização e estudos ambientais',2);
insert into Ciclovia_cic_pdi(cic_pdi,cic_id) values ('Área de jogos coletivos',2);
insert into Ciclovia_cic_pdi(cic_pdi,cic_id) values ('Escola de Trânsito',2);
insert into Ciclovia_cic_pdi(cic_pdi,cic_id) values ('Circuito de Manuntenção',2);
insert into Ciclovia_cic_pdi(cic_pdi,cic_id) values ('Parque Radical',2);
insert into Ciclovia_cic_pdi(cic_pdi,cic_id) values ('Zona de BTT',2);
insert into Ciclovia_cic_pdi(cic_pdi,cic_id) values ('Caminhos pedonais',3);
insert into Ciclovia_cic_pdi(cic_pdi,cic_id) values ('Circuito de Manuntenção',3);
insert into Ciclovia_cic_pdi(cic_pdi,cic_id) values ('Zona de jogos tradicionais',3);
insert into Ciclovia_cic_pdi(cic_pdi,cic_id) values ('Boca do Inferno e o Farol da Guia',6);
insert into Ciclovia_cic_pdi(cic_pdi,cic_id) values ('Piscina Oceânica',7);
insert into Ciclovia_cic_pdi(cic_pdi,cic_id) values ('Praias da Torre e de Paço de Arcos',7);
insert into Ciclovia_cic_pdi(cic_pdi,cic_id) values ('Praias ideais para a prática de surf',8);
insert into Ciclovia_cic_pdi(cic_pdi,cic_id) values ('Instituto Gulbenkian de Ciência',9);
insert into Ciclovia_cic_pdi(cic_pdi,cic_id) values ('Palácio Marquês de Pombal',9);
insert into Ciclovia_cic_pdi(cic_pdi,cic_id) values ('Centro Histórico de Oeiras',9);
insert into Ciclovia_cic_pdi(cic_pdi,cic_id) values ('Azenhas do Mar',10);
insert into Ciclovia_cic_pdi(cic_pdi,cic_id) values ('Instalação de manutenção física',10);
insert into Ciclovia_cic_pdi(cic_pdi,cic_id) values ('Torre de Belém',11);
insert into Ciclovia_cic_pdi(cic_pdi,cic_id) values ('Cais do Sodré',11);
insert into Ciclovia_cic_pdi(cic_pdi,cic_id) values ('Praça de Espanha',11);
insert into Ciclovia_cic_pdi(cic_pdi,cic_id) values ('Centro de Saúde da Venda Nova',12);
insert into Ciclovia_cic_pdi(cic_pdi,cic_id) values ('Rio Tejo',13);
insert into Ciclovia_cic_pdi(cic_pdi,cic_id) values ('Piscinas Municipais da Portela',14);
insert into Ciclovia_cic_pdi(cic_pdi,cic_id) values ('Jardim Almeida Garrett',14);
insert into Ciclovia_cic_pdi(cic_pdi,cic_id) values ('Centro Comercial da Portela',14);
insert into Ciclovia_cic_pdi(cic_pdi,cic_id) values ('Biblioteca Municipal Ary dos Santos',15);

insert into BikeDock(bik_morada,bik_localizacao,bik_capMax,cic_id) values ('Passeio Ulisses','38.761180, -9.095041',15,1);
insert into BikeDock(bik_morada,bik_localizacao,bik_capMax,cic_id) values ('Escadinhas das Portas do Mar','38.759127, -9.096402',35,2);
insert into BikeDock(bik_morada,bik_localizacao,bik_capMax,cic_id) values ('Rua Dra. Iracy Doyle','38.700154, -9.418806',12,3);
insert into BikeDock(bik_morada,bik_localizacao,bik_capMax,cic_id) values ('Campo Grande','38.752325, -9.149484',20,4);
insert into BikeDock(bik_morada,bik_localizacao,bik_capMax,cic_id) values ('Avenida António Augusto de Aguiar','38.734283, -9.154246',24,5);
insert into BikeDock(bik_morada,bik_localizacao,bik_capMax,cic_id) values ('Largo do Corpo Santo','38.707396, -9.142188',20,6);
insert into BikeDock(bik_morada,bik_localizacao,bik_capMax,cic_id) values ('Praça Dom Luís I','38.706582, -9.146732',17,7);
insert into BikeDock(bik_morada,bik_localizacao,bik_capMax,cic_id) values ('Marquês Pombal','38.724588, -9.149753',15,8);
insert into BikeDock(bik_morada,bik_localizacao,bik_capMax,cic_id) values ('Largo Santos','38.706755, -9.154285',22,9);
insert into BikeDock(bik_morada,bik_localizacao,bik_capMax,cic_id) values ('Cais das Pombas','38.705231, -9.143763',25,10);
insert into BikeDock(bik_morada,bik_localizacao,bik_capMax,cic_id) values ('Avenida de Roma','38.748708, -9.142102',15,11);
insert into BikeDock(bik_morada,bik_localizacao,bik_capMax,cic_id) values ('Avenida Barbosa Du Bocage','38.740763, -9.143233',20,12);
insert into BikeDock(bik_morada,bik_localizacao,bik_capMax,cic_id) values ('Rua Arco do Cego','38.739247, -9.142104',10,13); 
insert into BikeDock(bik_morada,bik_localizacao,bik_capMax,cic_id) values ('Avenida Elias Garcia','38.739068, -9.148087',15,14);
insert into BikeDock(bik_morada,bik_localizacao,bik_capMax,cic_id) values ('Avenida Duque de Ávila','38.735153, -9.148487',15,15);

insert into Inclui(inc_data,cod_id,iti_id,cic_id) values (cast('2020-11-28'as date),1,1,1);
insert into Inclui(inc_data,cod_id,iti_id,cic_id) values (cast('2020-06-18'as date),2,2,2);
insert into Inclui(inc_data,cod_id,iti_id,cic_id) values (cast('2020-09-10'as date),3,3,3);
insert into Inclui(inc_data,cod_id,iti_id,cic_id) values (cast('2020-01-22'as date),4,4,4);
insert into Inclui(inc_data,cod_id,iti_id,cic_id) values (cast('2020-03-05'as date),5,5,5);
insert into Inclui(inc_data,cod_id,iti_id,cic_id) values (cast('2019-04-11'as date),6,6,6);
insert into Inclui(inc_data,cod_id,iti_id,cic_id) values (cast('2019-05-24'as date),7,7,7);
insert into Inclui(inc_data,cod_id,iti_id,cic_id) values (cast('2020-01-09'as date),8,8,8);
insert into Inclui(inc_data,cod_id,iti_id,cic_id) values (cast('2019-07-02'as date),9,9,9);
insert into Inclui(inc_data,cod_id,iti_id,cic_id) values (cast('2020-01-27'as date),10,10,10);
insert into Inclui(inc_data,cod_id,iti_id,cic_id) values (cast('2020-12-14'as date),11,11,11);
insert into Inclui(inc_data,cod_id,iti_id,cic_id) values (cast('2020-11-02'as date),12,12,12);
insert into Inclui(inc_data,cod_id,iti_id,cic_id) values (cast('2020-09-30'as date),13,13,13);
insert into Inclui(inc_data,cod_id,iti_id,cic_id) values (cast('2020-10-29'as date),14,14,14);
insert into Inclui(inc_data,cod_id,iti_id,cic_id) values (cast('2020-11-15'as date),15,15,15);
insert into Inclui(inc_data,cod_id,iti_id,cic_id) values (cast('2019-12-01'as date),16,1,1);
insert into Inclui(inc_data,cod_id,iti_id,cic_id) values (cast('2020-10-28'as date),17,2,2);
insert into Inclui(inc_data,cod_id,iti_id,cic_id) values (cast('2020-07-02'as date),18,3,3);
insert into Inclui(inc_data,cod_id,iti_id,cic_id) values (cast('2020-06-25'as date),19,4,4);
insert into Inclui(inc_data,cod_id,iti_id,cic_id) values (cast('2020-03-01'as date),20,5,5);
insert into Inclui(inc_data,cod_id,iti_id,cic_id) values (cast('2021-01-02'as date),21,6,6);
insert into Inclui(inc_data,cod_id,iti_id,cic_id) values (cast('2020-02-22'as date),22,7,7);
insert into Inclui(inc_data,cod_id,iti_id,cic_id) values (cast('2020-10-06'as date),23,8,8);
insert into Inclui(inc_data,cod_id,iti_id,cic_id) values (cast('2019-12-21'as date),24,9,9);
insert into Inclui(inc_data,cod_id,iti_id,cic_id) values (cast('2021-01-05'as date),25,10,10);
insert into Inclui(inc_data,cod_id,iti_id,cic_id) values (cast('2021-01-08'as date),26,11,11);
insert into Inclui(inc_data,cod_id,iti_id,cic_id) values (cast('2020-11-10'as date),27,12,12);
insert into Inclui(inc_data,cod_id,iti_id,cic_id) values (cast('2020-12-23'as date),28,13,13);
insert into Inclui(inc_data,cod_id,iti_id,cic_id) values (cast('2020-10-12'as date),29,14,14);
insert into Inclui(inc_data,cod_id,iti_id,cic_id) values (cast('2020-12-27'as date),30,15,15);
insert into Inclui(inc_data,cod_id,iti_id,cic_id) values (cast('2020-05-28'as date),1,4,4);
insert into Inclui(inc_data,cod_id,iti_id,cic_id) values (cast('2020-11-17'as date),1,7,7);

insert into avaliacao(av_data,cic_id,escav_id,uti_id) values (cast('2020-11-28'as date),1,1,1);
insert into avaliacao(av_data,cic_id,escav_id,uti_id) values (cast('2020-06-18'as date),2,2,2);
insert into avaliacao(av_data,cic_id,escav_id,uti_id) values (cast('2020-09-10'as date),3,3,3);
insert into avaliacao(av_data,cic_id,escav_id,uti_id) values (cast('2020-01-22'as date),4,4,4);
insert into avaliacao(av_data,cic_id,escav_id,uti_id) values (cast('2020-03-05'as date),5,5,5);
insert into avaliacao(av_data,cic_id,escav_id,uti_id) values (cast('2019-05-12'as date),6,4,6);
insert into avaliacao(av_data,cic_id,escav_id,uti_id) values (cast('2019-07-01'as date),7,5,7);
insert into avaliacao(av_data,cic_id,escav_id,uti_id) values (cast('2020-02-23'as date),8,5,8);
insert into avaliacao(av_data,cic_id,escav_id,uti_id) values (cast('2019-09-08'as date),9,3,9);
insert into avaliacao(av_data,cic_id,escav_id,uti_id) values (cast('2020-03-30'as date),10,4,10);
insert into avaliacao(av_data,cic_id,escav_id,uti_id) values (cast('2020-12-14'as date),11,4,11);
insert into avaliacao(av_data,cic_id,escav_id,uti_id) values (cast('2020-11-02'as date),12,3,12);
insert into avaliacao(av_data,cic_id,escav_id,uti_id) values (cast('2020-09-30'as date),13,4,13);
insert into avaliacao(av_data,cic_id,escav_id,uti_id) values (cast('2020-10-29'as date),14,5,14);
insert into avaliacao(av_data,cic_id,escav_id,uti_id) values (cast('2020-11-15'as date),15,4,15);
insert into avaliacao(av_data,cic_id,escav_id,uti_id) values (cast('2019-12-01'as date),1,3,16);
insert into avaliacao(av_data,cic_id,escav_id,uti_id) values (cast('2020-10-28'as date),2,2,17);
insert into avaliacao(av_data,cic_id,escav_id,uti_id) values (cast('2020-07-02'as date),3,5,18);
insert into avaliacao(av_data,cic_id,escav_id,uti_id) values (cast('2020-06-25'as date),4,4,19);
insert into avaliacao(av_data,cic_id,escav_id,uti_id) values (cast('2020-03-01'as date),5,1,20);
insert into avaliacao(av_data,cic_id,escav_id,uti_id) values (cast('2021-01-28'as date),6,4,21);
insert into avaliacao(av_data,cic_id,escav_id,uti_id) values (cast('2020-11-01'as date),7,5,22);
insert into avaliacao(av_data,cic_id,escav_id,uti_id) values (cast('2020-09-13'as date),8,1,23);
insert into avaliacao(av_data,cic_id,escav_id,uti_id) values (cast('2019-10-22'as date),9,3,24);
insert into avaliacao(av_data,cic_id,escav_id,uti_id) values (cast('2020-12-28'as date),10,2,25);
insert into avaliacao(av_data,cic_id,escav_id,uti_id) values (cast('2021-01-08'as date),11,2,26);
insert into avaliacao(av_data,cic_id,escav_id,uti_id) values (cast('2020-11-10'as date),12,4,27);
insert into avaliacao(av_data,cic_id,escav_id,uti_id) values (cast('2020-12-23'as date),13,3,28);
insert into avaliacao(av_data,cic_id,escav_id,uti_id) values (cast('2020-10-12'as date),14,4,29);
insert into avaliacao(av_data,cic_id,escav_id,uti_id) values (cast('2020-12-27'as date),15,5,30);
